"province","district","city","udara_price","udara_days","land_price","land_min","land_days"
"NANGRO ACEH DARUSSALAM","Kab. Aceh Barat","Meulaboh","60500","2","12750","50","9"
"NANGRO ACEH DARUSSALAM","Kab. Aceh Barat Daya","BlangPidie","60500","3","12000","50","9"
"NANGRO ACEH DARUSSALAM","Kab. Aceh Besar","Jantho","60200","3","12000","50","9"
"NANGRO ACEH DARUSSALAM","Kab. Aceh Jaya","Krueng Sabee","61500","2","14250","50","9"
"NANGRO ACEH DARUSSALAM","Kab. Aceh Selatan","Tapak Tuan","61500","2","13500","50","9"
"NANGRO ACEH DARUSSALAM","Kab. Aceh Singkil","Singkil","61500","4","15000","50","9"
"NANGRO ACEH DARUSSALAM","Kab. Tamlang","Kuala Simpang","60500","3","14250","50","9"
"NANGRO ACEH DARUSSALAM","Kab. Aceh Tengah","Takengon","60800","2","12000","50","9"
"NANGRO ACEH DARUSSALAM","Kab. Aceh Tenggara","Kutacane","60800","4","14250","50","9"
"NANGRO ACEH DARUSSALAM","Kab. Aceh Timur","Idi Rayeuk","61500","3","14250","50","9"
"NANGRO ACEH DARUSSALAM","Kab. Aceh Utara","Lhoksukon","61500","3","14250","50","9"
"NANGRO ACEH DARUSSALAM","Kab. Bener Meriah","Simpang Tiga Radelon","60400","3","14250","50","9"
"NANGRO ACEH DARUSSALAM","Kab. Bireuen","Kab Bireuen","61500","3","14250","50","9"
"NANGRO ACEH DARUSSALAM","Kab. Gayo Lues","Blang Kejeren","60500","2","15000","50","9"
"NANGRO ACEH DARUSSALAM","Kab. Nagan Raya","Suka Makmue","57148","3","14250","50","9"
"NANGRO ACEH DARUSSALAM","Kab. Pidie","Sigli","56448","3","12750","50","9"
"NANGRO ACEH DARUSSALAM","Kab. Pidie Jaya","Meuredeu","56448","3","14250","50","9"
"NANGRO ACEH DARUSSALAM","Kab. Simeuleu","Sinabang","64848","4","17000","50","9"
"NANGRO ACEH DARUSSALAM","Kota Banda Aceh","Banda Aceh","52082","4","10000","50","8"
"NANGRO ACEH DARUSSALAM","Kota Langsa","Langsa","57148","3","14250","50","8"
"NANGRO ACEH DARUSSALAM","Kota Lhokseumawe","Lhokseumawe","56448","3","14250","50","8"
"NANGRO ACEH DARUSSALAM","Kota Sabang","Sabang","57848","2","14250","50","8"
"NANGRO ACEH DARUSSALAM","Kota Subulussalam","Subulissalam","59248","4","15000","50","9"
"SUMATRA UTARA","Kab. Asahan","Kisaran","50850","2","11300","50","9"
"SUMATRA UTARA","Kab. Batubara","Umapuluh","51400","3","12750","50","9"
"SUMATRA UTARA","Kab. Dairi","Sidikalang","59255","4","14250","50","9"
"SUMATRA UTARA","Kab. Deli Serdang","Lubuk Pakam","49800","4","11250","50","9"
"SUMATRA UTARA","Kab. Humbang Hasudutan","Dolok Sanggul","53300","2","12800","50","9"
"SUMATRA UTARA","Kab. Karo","Kabanjahe","59255","3","14100","50","9"
"SUMATRA UTARA","Kab. Labuhan Batu","Rantau Prapat","51550","3","11800","50","9"
"SUMATRA UTARA","Kab. Langkat","Stabat","50300","3","12000","50","9"
"SUMATRA UTARA","Kab. Mandailing Natal","Panyabungan","54400","4","12300","50","9"
"SUMATRA UTARA","Kab. Nias","Guning Sitoli","59255","4","14300","50","9"
"SUMATRA UTARA","Kab. Nias Selatan","Teluk Dalam","59255","4","14800","50","9"
"SUMATRA UTARA","Kab. Padang Lawas","Sibuhuan","52600","3","13100","50","9"
"SUMATRA UTARA","Kab. Padang Lawas Utara","Gunung Tua","52255","3","12850","50","9"
"SUMATRA UTARA","Kab. Pakpak bharat","Salak","54250","2","12400","50","9"
"SUMATRA UTARA","Kab. Samosir","Pangururan","53600","2","12600","50","9"
"SUMATRA UTARA","Kab. Serdang Bedagai","Sei Rampah","51450","2","12000","50","9"
"SUMATRA UTARA","Kab. Simalungun","Pematang Siantar","51500","2","11300","50","9"
"SUMATRA UTARA","Kab. Tapanuli Selatan","Padang Sidempuan","51550","2","12800","50","9"
"SUMATRA UTARA","Kab. Tapanuli Tengah","Sibolga","52200","2","12700","50","9"
"SUMATRA UTARA","Kab. Tapanuli Utara","Tarutung","52255","4","12750","50","9"
"SUMATRA UTARA","Kab. Toba Samosir","Balige","52255","3","11100","50","9"
"SUMATRA UTARA","Kota Binjai","Binjai","50950","2","11250","50","9"
"SUMATRA UTARA","Kota Medan","Medan","48850","2","8500","50","7"
"SUMATRA UTARA","Kota Padang Sidempuan","Padang Sidempuan","51300","4","10800","50","8"
"SUMATRA UTARA","Kota Pematang Siantar","Pematang Siantar","50450","2","10900","50","8"
"SUMATRA UTARA","Kota Sibolga","Sibolga","52500","2","10600","50","8"
"SUMATRA UTARA","Kota Tanjung Balai","Tanjung Balai","50450","2","11000","50","8"
"SUMATRA UTARA","Kota Tebing Tinggi","Tebing Tinggi","50500","2","10100","50","8"
"BENGKULU","Kab. Bengkulu Selatan","Manna","41550","3","9750","50","8"
"BENGKULU","Kab. Bengkulu Utara","Arga Makmur","41350","3","9000","50","8"
"BENGKULU","Kab. Kaur","Kaur","42000","3","10500","50","8"
"BENGKULU","Kab. Kepahiang","Kepahiang","40700","3","90000","50","8"
"BENGKULU","Kab. Lebong","kab. Lebong","41800","3","10500","50","8"
"BENGKULU","Kab. Muko-Muko","Muko-muko","41600","3","10500","50","8"
"BENGKULU","Kab. Rejang Lebong","Curup","41050","3","10500","50","8"
"BENGKULU","Kab. Seluma","Tais","40700","3","9000","50","8"
"BENGKULU","Kota. Bengkulu","Bengkulu","40600","2","7500","50","6"
"JAMBI","Kab. Batang hari","Muara Bulian","42300","3","11500","50","7"
"JAMBI","Kab. Bungo","Muara Bungo","42500","3","11300","50","7"
"JAMBI","Kab. Kerinci","Sungai Penuh","44800","3","10800","50","7"
"JAMBI","Kab. Merangin","Bangko","42850","3","11800","50","7"
"JAMBI","Kab. Muaro Jambi","Sengeti","42200","3","12200","50","7"
"JAMBI","Kab. Sarolangun","Sarolangun","42400","3","11000","50","7"
"JAMBI","Kab. Tanjung Jabung Timur","Muarasabak","42450","3","12000","50","7"
"JAMBI","Kab. Tanjung Jabung Barat","Kualatungkai","42750","3","11700","50","7"
"JAMBI","Kab. Tebo","Muara Tebo","41950","3","11300","50","7"
"JAMBI","Kota Jambi","Jambi","40400","2","7000","50","5"
"PEKANBARU","Kab. Bengkalis","Bengkalis","48915","3","14300","50","8"
"PEKANBARU","Kab. Indragiri Hilir","Tembilahan","46395","3","12400","50","8"
"PEKANBARU","Kab. Indragiri Hulu","Rengat","46395","3","11800","50","8"
"PEKANBARU","Kab. Kampar","Bangkinang","44295","3","12100","50","8"
"PEKANBARU","Kab. Kuantan Singingi","Teluk Kuantan","47795","3","13200","50","8"
"PEKANBARU","Kab. Palalawan","Pangkalan Kerinci","44295","3","12800","50","8"
"PEKANBARU","Kab. Rokan Hulu","Pasir Pangaraian","46395","3","12300","50","8"
"PEKANBARU","Kab. Rokan Hilir","Bagan Siapi api","47095","3","12500","50","8"
"PEKANBARU","Kab.Siak","Siaks Indrapura","46395","3","12900","50","8"
"PEKANBARU","Kota Dumai","Dumai","44295","3","12300","50","8"
"PEKANBARU","Kota Pekanbaru","Pekanbaru","41000","2","7500","50","5"
"SUMATRA BARAT","Kab. Agam","Lubuk Basung","55250","3","12900","50","8"
"SUMATRA BARAT","Kab. Dharmasraya","Pualu Punjung","55800","3","14000","50","8"
"SUMATRA BARAT","Kab. Limapuluh kota","Sarilamek","54950","3","13700","50","8"
"SUMATRA BARAT","Kab. Kepulauan Mentawai","Tuapejat","60200","3","15800","50","8"
"SUMATRA BARAT","Kab. Padang Pariaman","Pariaman","54650","3","13600","50","8"
"SUMATRA BARAT","Kab. Pasaman","Lubuk Sikaping","55600","3","13600","50","8"
"SUMATRA BARAT","Kab. Pasaman Barat","Simpang Empat","55450","3","13300","50","8"
"SUMATRA BARAT","Kab. Pesisir Selatan","Painan","53750","3","12000","50","8"
"SUMATRA BARAT","Kab. Sijunjung","Muara","54850","3","14100","50","8"
"SUMATRA BARAT","Kab. Solok","Arosuka","54600","3","14000","50","8"
"SUMATRA BARAT","Kab. Solok Selatan","Padang Aro","55500","3","13800","50","8"
"SUMATRA BARAT","Kab. Tanah Datar","Batu Sangkar","54150","3","13500","50","8"
"SUMATRA BARAT","Kota Bukittinggi","Bukittinggi","54050","2","11000","50","6"
"SUMATRA BARAT","Kota Padang","Padang","52350","2","9000","50","6"
"SUMATRA BARAT","Kota Padang Panjang","Padang Panjang","53200","2","10000","50","8"
"SUMATRA BARAT","Kota Pariaman","Pariaman","53350","3","10000","50","8"
"SUMATRA BARAT","Kota Payakumbuh","Payakumbuh","54200","3","13300","50","7"
"SUMATRA BARAT","Kota Sawahlunto","Sawahlunto","54600","3","14200","50","7"
"SUMATRA BARAT","Kota Solok","Solok","53250","3","12100","50","7"
"SUMATRA SELATAN","Kab. Banyuasin","Pangkalan Balai","45700","3","12300","50","6"
"SUMATRA SELATAN","Kab. Empat Lawang","Tebing Tinggi","45700","3","12900","50","6"
"SUMATRA SELATAN","Kab. Lahat","Lahat","45800","3","12400","50","6"
"SUMATRA SELATAN","Kab. Muara Enim","Muara Enim","45350","3","11800","50","6"
"SUMATRA SELATAN","Kab. Musi Banyuasin","Sekayu","45200","3","11900","50","6"
"SUMATRA SELATAN","Kab. Musi Rawas","Muara Beliti Baru","46350","3","13600","50","6"
"SUMATRA SELATAN","Kab. Ogan Ilir","Indralaya","44300","3","12500","50","6"
"SUMATRA SELATAN","Kab. Ogan Komering Ilir","Kayu Agung","44800","3","12700","50","6"
"SUMATRA SELATAN","Kab. Ogan Komering Ulu","Baturaja","45650","3","13200","50","6"
"SUMATRA SELATAN","Kab. OKU Timur","Martapura","44350","3","12100","50","6"
"SUMATRA SELATAN","Kab. OKU Selatan","Muaradua","45850","3","12800","50","6"
"SUMATRA SELATAN","Kota Lubuk Linggau","Lubuk Linggau","45100","3","13000","50","6"
"SUMATRA SELATAN","Kota Pagar Alam","Pagar Alam","47450","3","13500","50","6"
"SUMATRA SELATAN","Kota Palembang","Palembang","43150","2","6000","50","5"
"SUMATRA SELATAN","Kota Prabumulih","Prabumulih","44350","2","10700","50","5"
"LAMPUNG","Kab. Lampung Barat","Liwa","45350","3","13000","50","5"
"LAMPUNG","kab. Lampung Selatan","Kalianda","42150","3","12500","50","5"
"LAMPUNG","Kab. Lampung Tengah","Gunung Sugih","42800","3","12500","50","5"
"LAMPUNG","Kab. Lampung Timur","Sukadana","42100","3","12500","50","5"
"LAMPUNG","Kab. Lampung Utara","Kotabumi","43100","3","12500","50","5"
"LAMPUNG","Kab. Way Kanan","Blambangan Umpu","42300","3","13500","50","5"
"LAMPUNG","Kab. Tanggamus","Kota Agung","42950","3","14000","50","5"
"LAMPUNG","Kab. Tulang Bawang","Manggala","45150","3","14000","50","5"
"LAMPUNG","Kab. Pesawaran","Gedong Tataan","42300","3","13000","50","5"
"LAMPUNG","Kota Bandar Lampung","Bandar Lampung","39900","2","5500","50","3"
"LAMPUNG","Kota Metro","Metro","42250","3","7500","50","5"
"BANGKA BELITUNG","Kab. Bangka","Sungaiilat","48650","3","9500","100","6"
"BANGKA BELITUNG","Kab. Bangka Barat","Kelapa","50650","3","11000","100","6"
"BANGKA BELITUNG","Kab. Bangka Tengah","Koba","49500","3","10500","100","6"
"BANGKA BELITUNG","Kab. Bangka Selatan","Toboali","50350","3","11500","100","6"
"BANGKA BELITUNG","Kab. Belitung Barat","Tanjung Pandan","47200","3","10000","100","6"
"BANGKA BELITUNG","Kab. Belitung Timur","Manggar","50100","3","11000","100","6"
"BANGKA BELITUNG","Kota Pangkal Pinang","Pangkal Pinang","47000","2","9500","100","5"
"KEPULAUAN RIAU","Kab. Karimun","Tanjung Balai Karimun","62857","3","20500","100","10"
"KEPULAUAN RIAU","Kab. Bintan","Bandar Seri Bentan","51250","3","20500","100","9"
"KEPULAUAN RIAU","Kab. Lingga","Daik","54300","3","25000","100","9"
"KEPULAUAN RIAU","Kab. Natuna","Ranai","62857","3","20000","100","10"
"KEPULAUAN RIAU","Kota Batam","Batam","46550","2","10000","100","7"
"KEPULAUAN RIAU","Kota Tanjung Pinang","Tanjung Pinang","46450","2","12000","100","7"
"BALI","Kab. Badung","Menguwi","42400","2","8500","50","7"
"BALI","Kab. Bangli","Bangli","46450","3","9500","50","7"
"BALI","Kab. Buleleng","Singaraja","48350","3","10000","50","7"
"BALI","Kab. Gianyar","Gianyar","44050","3","10500","50","7"
"BALI","Kab. Jembrana","Negara","47750","3","11000","50","7"
"BALI","Kab. Karangasem","Amiapura","48450","3","11500","50","7"
"BALI","Kab. Klungkung","Samarapura","46800","3","12000","50","7"
"BALI","Kab. Tabanan","Tabanan","44050","3","11000","50","7"
"BALI","Kota Denpasar","Denpasar","39600","2","7000","50","6"
"NUSA TENGGARA BARAT","Kab. Bima","Woha","56750","3","13500","100","10"
"NUSA TENGGARA BARAT","Kab. Dompu","Dompu","56900","3","10500","100","10"
"NUSA TENGGARA BARAT","Kab. Lombok Barat","Gerung","51750","3","13000","100","10"
"NUSA TENGGARA BARAT","Kab. Lombok Tengah","Praya","52400","3","13000","100","10"
"NUSA TENGGARA BARAT","Kab. Lombok Timur","Selong","53050","3","13000","100","10"
"NUSA TENGGARA BARAT","Kab. Sumbawa","Sumbawa Besar","54500","3","10500","100","9"
"NUSA TENGGARA BARAT","Kab.Sumbawa Barat","Taliwang","55450","3","10000","100","9"
"NUSA TENGGARA BARAT","Kota Mataram","Mataram","49750","2","10500","100","7"
"NUSA TENGGARA BARAT","Kota Bima","Bima","56200","3","13500","100","9"
"NUSA TENGGARA TIMUR","Kab. Alor","Kalabahi","90100","3","15000","100","12"
"NUSA TENGGARA TIMUR","Kab. Belu","Atambua","85900","3","14000","100","12"
"NUSA TENGGARA TIMUR","Kab. Ende","Ende","90100","3","13500","100","12"
"NUSA TENGGARA TIMUR","Kab. Flores Timur","Larantuka","90100","3","14250","100","12"
"NUSA TENGGARA TIMUR","Kab. Kupang","Oelamasi","81700","3","14250","100","12"
"NUSA TENGGARA TIMUR","Kab. Lembata","Lewoleba","90100","3","18000","100","12"
"NUSA TENGGARA TIMUR","Kab. Manggarai","Ruteng","92200","3","13000","100","12"
"NUSA TENGGARA TIMUR","Kab. Manggarai Barat","Labuan Bajo","97100","3","13000","100","12"
"NUSA TENGGARA TIMUR","Kab. Manggarai Timur","Borong","97100","3","27000","100","12"
"NUSA TENGGARA TIMUR","Kab. Nagekeo","Mbay","92900","3","27000","100","12"
"NUSA TENGGARA TIMUR","Kab. Ngada","Bajawa","90100","3","19500","100","12"
"NUSA TENGGARA TIMUR","Kab. Rote Ndao","Baa","90100","3","13500","100","12"
"NUSA TENGGARA TIMUR","Kab. Sikka","Maumere","90100","3","14000","100","12"
"NUSA TENGGARA TIMUR","Kab. Sumba Barat","Walkabubak","97100","3","13500","100","12"
"NUSA TENGGARA TIMUR","Kab. Sumba Brat daya","Tambolaka","97100","3","15000","100","12"
"NUSA TENGGARA TIMUR","Kab. Sumba Tengah","Waibakul","97100","3","22000","100","12"
"NUSA TENGGARA TIMUR","Kab. Sumba Timur","waingapu","90100","3","27000","100","12"
"NUSA TENGGARA TIMUR","Kab. Timur Tengah Selatan","Soe","85900","3","18000","100","12"
"NUSA TENGGARA TIMUR","Kab. Timur tengah utara","Kafamenanu","85900","3","19500","100","12"
"NUSA TENGGARA TIMUR","Kota Kupang","Kupang","75400","2","11000","100","10"
"KALIMANTAN BARAT","Kab. Bengkayang","Bengkayang","52750","3","14000","100","8"
"KALIMANTAN BARAT","Kab. Kapuas Hulu","Putussibau","61050","3","15750","100","8"
"KALIMANTAN BARAT","Kab. Ketapang","Ketapang","55150","3","13500","100","8"
"KALIMANTAN BARAT","Kab. Kayong Utara","Sukadana/Teluk Melang","57750","3","15000","100","8"
"KALIMANTAN BARAT","Kab. Landak","Ngabang","52100","3","12000","100","8"
"KALIMANTAN BARAT","Kab. Melawi","Nanga Pinoh","54350","3","12750","100","8"
"KALIMANTAN BARAT","Kab. Pontianak","Mempawah","51000","2","11000","100","8"
"KALIMANTAN BARAT","Kab. Sambas","Sambas","52200","3","13000","100","8"
"KALIMANTAN BARAT","Kab. Sanggau","Sanggau","52300","3","13000","100","8"
"KALIMANTAN BARAT","Kab. Sekadau","Sekadau Hilir","52750","3","15000","100","8"
"KALIMANTAN BARAT","Kab. Sintang","Sintang","52750","3","12000","100","8"
"KALIMANTAN BARAT","Kab. Kubu raya","Sungai raya","49950","3","15000","100","8"
"KALIMANTAN BARAT","Kota Pontianak","Pontianak","48850","2","8500","100","6"
"KALIMANTAN BARAT","Kota Singkawang","Singkawang","50750","2","10500","100","8"
"KALIMANTAN SELATAN","Kab. Balangan","Paringin","54000","3","11500","100","9"
"KALIMANTAN SELATAN","Kab. Banjar","Martapura","51850","2","10000","100","8"
"KALIMANTAN SELATAN","Kab. Barito Kuala","Marabahan","52750","3","11000","100","8"
"KALIMANTAN SELATAN","Kab. Hulu Sungai Selatan","Kandangan","52550","3","11000","100","8"
"KALIMANTAN SELATAN","Kab. Hulu Sungai Tengah","Barabai","53950","3","11000","100","8"
"KALIMANTAN SELATAN","Kab. Hulu Sungai Utara","Amuntai","53100","3","10500","100","9"
"KALIMANTAN SELATAN","Kab. Kota Baru","Kotabaru","54800","3","11000","100","8"
"KALIMANTAN SELATAN","Kab. Tanah Laut","Pelaihari","52450","3","11000","100","8"
"KALIMANTAN SELATAN","Kab. Tabalong","Tanjung","54000","3","11000","100","8"
"KALIMANTAN SELATAN","Kab. Tanah Bambu","Batu Licin","53900","3","11250","100","9"
"KALIMANTAN SELATAN","Kab. Tapin","Rantau","52300","3","12500","100","8"
"KALIMANTAN SELATAN","Kab. Banjarbaru","Banjarbaru","52000","2","12550","100","7"
"KALIMANTAN SELATAN","Kota Banjarmasin","Banjarmasin","50250","2","10500","50","6"
"KALIMANTAN SELATAN","Kab. Barito Selatan","Buntok","52000","3","12000","100","9"
"KALIMANTAN SELATAN","Kab. Barito Timur","Tamiang Layang","52750","3","12000","100","9"
"KALIMANTAN SELATAN","Kab. Barito Utara","Muara Teweh","52650","3","12000","100","9"
"KALIMANTAN TENGAH","Kab. Gunung Mas","Kuala Kurun","52850","3","14000","100","12"
"KALIMANTAN TENGAH","Kab. Kapuas","Kuala Kapuas","53950","3","14000","100","12"
"KALIMANTAN TENGAH","Kab. Katingan","Kasongan","49950","3","14000","100","12"
"KALIMANTAN TENGAH","Kab. Kotawaringin Barat","Pangkalan Bun","52650","3","13500","100","12"
"KALIMANTAN TENGAH","Kab. Kotawaringin Timur","Sampit","51750","2","13550","100","12"
"KALIMANTAN TENGAH","Kab. Lamandau","Nanga Bulik","57100","3","13500","100","12"
"KALIMANTAN TENGAH","Kab. Murung Raya","Puruk Cahu","57500","3","13500","100","12"
"KALIMANTAN TENGAH","Kab. Pulang Pisau","Pulang Pisau","52050","3","14000","100","12"
"KALIMANTAN TENGAH","Kab. Sukamara","Sukamara","58800","3","14000","100","12"
"KALIMANTAN TENGAH","Kab. Seruyan","Kuala Pembuang","55600","3","13500","100","12"
"KALIMANTAN TENGAH","Kota Palangkaraya","Palangkaraya","47300","2","11000","100","9"
"KALIMANTAN TIMUR","Kab. Berau","Tanjung Redep","76821","3","15000","100","12"
"KALIMANTAN TIMUR","Kab. Bulungan","Tanjung Selor","80321","3","16000","100","12"
"KALIMANTAN TIMUR","Kab. Kutai Barat","Sendawar","62821","3","14000","100","12"
"KALIMANTAN TIMUR","Kab. Kutai Kartanegara","Tenggarong","61000","3","13500","100","12"
"KALIMANTAN TIMUR","Kab. Kutai Timur","Sanggata","59321","3","13500","100","12"
"KALIMANTAN TIMUR","Kab. Malinau","Malinau","65500","3","18000","100","12"
"KALIMANTAN TIMUR","Kab. Nunukan","Nunukan","77500","3","20000","100","12"
"KALIMANTAN TIMUR","Kab Paser","Tanah Grogot","68000","3","15000","100","12"
"KALIMANTAN TIMUR","Kab. Penajam Paser Utara","Penajam","66700","3","14500","100","12"
"KALIMANTAN TIMUR","Kab. Tana Tidung","Tana Tidung","70100","3","14500","100","12"
"KALIMANTAN TIMUR","Kota Balikpapan","Balikpapan","55121","2","10500","100","12"
"KALIMANTAN TIMUR","Kota Bontang","Bontang","59800","3","12500","100","8"
"KALIMANTAN TIMUR","Kota Samarinda","Samarinda","56521","2","11500","100","8"
"KALIMANTAN TIMUR","Kota Tarakan","Tarakan","70350","2","15000","100","11"
"GORONTALO","Kab. Boalemo","Tilamuta","74510","3","17000","100","14"
"GORONTALO","Kab. Bone Bolango","Suwawa","74150","3","18000","100","14"
"GORONTALO","Kab. Gorontalo","Limboto","73800","2","15500","100","14"
"GORONTALO","Kab. Gorontalo Utara","Kwandang","74500","2","16500","100","14"
"GORONTALO","Kab. Pahuwato","Marisa","74400","3","16000","100","14"
"GORONTALO","Kota Gorontalo","Gorontalo","72200","2","14000","100","12"
"SULAWESI SELATAN","Kab. Bantaeng","Bantaeng","62950","3","14500","100","10"
"SULAWESI SELATAN","Kab. Barru","Barru","61950","3","13000","100","10"
"SULAWESI SELATAN","Kab. Bone","Watampone","62700","3","12500","100","10"
"SULAWESI SELATAN","Kab. Bulukamba","Bulukamba","62500","3","13500","100","10"
"SULAWESI SELATAN","Kab. Enrekang","Enrekang","64500","3","14500","100","10"
"SULAWESI SELATAN","Kab. Gowa","Sunggumunasa","61850","3","11000","100","10"
"SULAWESI SELATAN","Kab. Janeponto","Janeponto","63350","3","13500","100","10"
"SULAWESI SELATAN","Kab. Luwu Utara","Belopa","60500","3","16500","100","10"
"SULAWESI SELATAN","Kab. Luwu Timur","Soroako/Malili","61500","3","16500","100","10"
"SULAWESI SELATAN","Kab. Luwu Utara","Masamba","61500","3","17000","100","10"
"SULAWESI SELATAN","Kab Maros","Maros","61500","3","13500","100","10"
"SULAWESI SELATAN","Kab. Pangkajane Kepulauan","Pangkajane","65927","3","13500","100","10"
"SULAWESI SELATAN","Kab.Pinrang","Pinrang","63000","3","14000","100","10"
"SULAWESI SELATAN","Kab. Selayar","Benteng","63000","3","18000","100","10"
"SULAWESI SELATAN","Kab. Sinjai","Sinjai","67327","3","17500","100","10"
"SULAWESI SELATAN","Kab. Sindenreng Rappang","Sidenreng","67327","3","15000","100","10"
"SULAWESI SELATAN","Kab. Soppeng","Watansoppeng","63000","3","14000","100","10"
"SULAWESI SELATAN","Kab. Takalar","Takalar","62500","3","15500","100","10"
"SULAWESI SELATAN","Kab. Tana toraja","Makale","65000","3","14500","100","10"
"SULAWESI SELATAN","Kab. Wajo","Sengkang","62500","3","14000","100","10"
"SULAWESI SELATAN","Kota Makassar","Makassar","59627","2","9500","100","7"
"SULAWESI SELATAN","Kota Palopo","Palopo","70127","3","12500","100","10"
"SULAWESI SELATAN","Kota Pare-Pare","Pare-Pare","67327","3","13000","100","10"
"SULAWESI TENGGARA","Kab. Bombana","Rumbia","82000","3","19000","100","13"
"SULAWESI TENGGARA","Kab. Buton&Buton Utara","Pasar Wajo","82000","3","19000","100","13"
"SULAWESI TENGGARA","Kab. Kolaka","Kolaka","72565","3","15000","100","13"
"SULAWESI TENGGARA","Kab. Kolaka Utara","Lasusua","82500","3","15000","100","13"
"SULAWESI TENGGARA","Kab. Konawe","Unaaha","68500","3","16500","100","13"
"SULAWESI TENGGARA","Kab. Konawe Utara/Selatan","Wanggodo/Andolo","78500","3","15000","100","13"
"SULAWESI TENGGARA","Kab. Muna","Raha","71500","3","15000","100","13"
"SULAWESI TENGGARA","Kab. Wakatobi","Wangi-wangi","81500","3","18600","100","13"
"SULAWESI TENGGARA","Kota Bau-bau","Bau-Bau","71000","3","13000","100","13"
"SULAWESI TENGGARA","Kota Kendari","Kendari","64000","2","11500","100","12"
"SULAWESI UTARA","Kab. Bolaang Mongondow","Kotamobagu","78775","3","17000","100","14"
"SULAWESI UTARA","Kab. Bolaang Mongondow Timur","Boroko","82271","3","15000","100","14"
"SULAWESI UTARA","Kab kepulauan Sangihe","Tahuna","89700","3","15000","100","14"
"SULAWESI UTARA","Kab. Kepulauan talaud","Melonguane","89700","3","15000","100","14"
"SULAWESI UTARA","Kab. Minahasa","Tondano","75800","3","12000","100","14"
"SULAWESI UTARA","Kab. Minahasa Utara","Airmadidi","73500","3","15000","100","14"
"SULAWESI UTARA","Kab. Minahasa Selatan","Amurang","76500","3","15000","100","14"
"SULAWESI UTARA","Kab. Minahasa Tenggara","Ratahan","76500","3","15000","100","14"
"SULAWESI UTARA","Kota Bitung","Bitung","75800","3","18000","100","14"
"SULAWESI UTARA","Kota Manado","Manado","72000","2","11500","100","12"
"SULAWESI UTARA","Kota Tomohon","Tomohon","75200","2","12000","100","12"
"SULAWESI BARAT","Kab. Majane","Majane","77500","3","11250","100","14"
"SULAWESI BARAT","Kab. Mamasa","Mamasa","77500","3","11250","100","14"
"SULAWESI BARAT","Kab. Mamuju","Mamuju","77800","3","10500","100","14"
"SULAWESI BARAT","Kab. Mamuju Utara","Pasangkayu","79800","3","16500","100","14"
"SULAWESI BARAT","Kab. Polewali Mandar","Polewali","77500","3","10500","100","14"
"SULAWESI TENGAH","Kab. Banggai","Luwuk","74800","3","22100","100","14"
"SULAWESI TENGAH","Kab. Banggai Kepulauan","Banggai","90200","3","27100","100","14"
"SULAWESI TENGAH","Kab. Buol","Buol","81200","3","20800","100","14"
"SULAWESI TENGAH","Kab. Donggala","Bunawa","75500","3","13000","100","14"
"SULAWESI TENGAH","Kab. Morowali","Bungku","82400","3","16500","100","14"
"SULAWESI TENGAH","Kab. Parigi Moutong","Parigi","72800","3","14200","100","14"
"SULAWESI TENGAH","Kab. Poso","Poso","71500","3","12600","100","14"
"SULAWESI TENGAH","Kab. Tojo Una Una","Ampana","72500","3","13800","100","14"
"SULAWESI TENGAH","Kab. Toli-Toli","Tolitoli","76800","3","14900","100","14"
"SULAWESI TENGAH","Kota Palu","Palu","68500","2","12000","100","12"
"MALUKU","Kab. Buru","Namlea","88000","3","16000","100","12"
"MALUKU","Kab. Kepulauan Aru","Dobo","97000","3","16400","100","12"
"MALUKU","Kab. Maluku Tengah","Masohi","84000","3","16700","100","12"
"MALUKU","Kab. Maluku Tenggara","Tual","95000","3","17000","100","12"
"MALUKU","Kab. Maluku Tenggara Barat","Saumiaki","94000","3","16900","100","12"
"MALUKU","Kab. Seram Bagian Barat","Piru","82000","3","16500","100","12"
"MALUKU","Kab. Seram Bagian Timur","Dataran Hunimoa","90000","3","16400","100","12"
"MALUKU","Kota Ambon","Ambon","70000","2","11000","100","10"
"MALUKU UTARA","Kab. Halmahera Barat","Jallolo","78856","3","20000","100","12"
"MALUKU UTARA","Kab. Halmahera Selatan","Labuha","80206","3","20000","100","12"
"MALUKU UTARA","Kab. Halmahera Tengah","Weda","78856","3","17000","100","12"
"MALUKU UTARA","Kab. Halmahera Timur","Maba","89656","3","16200","100","12"
"MALUKU UTARA","Kab. Halmahera Utara","Tobelo","82906","3","15500","100","12"
"MALUKU UTARA","Kab. Kepulauan Sula","Sanana","85606","3","15500","100","12"
"MALUKU UTARA","Kota Ternate","Ternate","70000","2","12000","100","10"
"MALUKU UTARA","Kota Tidore","Tidore","70000","3","15000","100","12"
"PAPUA BARAT","Kab. Fak-fak","Fak-fak","121207","3","19000","100","14"
"PAPUA BARAT","Kab. Kaimana","Kaimana","121207","3","20000","100","14"
"PAPUA BARAT","Kab. Raja Ampat","Waisal","121207","3","20000","100","14"
"PAPUA BARAT","Kab. Sorong","Abun","121207","3","18000","100","14"
"PAPUA BARAT","Kab. Sorong Selatan","Teminabuan","121207","3","18000","100","14"
"PAPUA BARAT","Kab. Teluk Bintuni","Bintuni","121207","3","18000","100","14"
"PAPUA BARAT","Kab. Teluk Wondama","Rasel","121207","3","20000","100","14"
"PAPUA BARAT","Kota Sorong","Sorong","97582","2","15000","100","12"
"PAPUA","Kab. Mimika","Timika","170800","3","17000","100","14"
"PAPUA","Kab. Nabire","Nabire","171440","3","17000","100","14"
"PAPUA","Kab. Manokwari","Manokwari","111370","3","17000","100","12"
"PAPUA","Kab. Paniai","Enarotari","180516","3","20000","100","14"
"PAPUA","Kab. Asmat","Agats","180516","3","20000","100","14"
"PAPUA","Kab. Biak Numfor","Biak","115416","3","15000","100","14"
"PAPUA","Kab. Boven Digoel","Tanah Merah","180516","3","17000","100","14"
"PAPUA","Kab. Jayapura","sentani","117516","3","15000","100","14"
"PAPUA","Kab. Jayawijaya","Wamena","145516","3","17000","100","14"
"PAPUA","Kab. Keerom","Waris","131516","3","18000","100","14"
"PAPUA","Maapi","Kepi","180516","3","16000","100","14"
"PAPUA","Kab. Merauke","Merauke","154773","3","16000","100","12"
"PAPUA","Kab. Pegunungan Bintang","Oksibil","166516","3","22000","100","14"
"PAPUA","Kab. Puncak Jaya","Mulia","194516","3","21000","100","14"
"PAPUA","Kab. Sarmi","Sarmi","138516","3","20000","100","14"
"PAPUA","Kab. Supiori","Sorendiweri","180516","3","20000","100","14"
"PAPUA","Kab. Tolikora","Karubaga","180516","3","20000","100","14"
"PAPUA","Kab. Waropen","Botawa","180516","3","20000","100","14"
"PAPUA","Kab. Yakuhimo","Sumonai","180516","3","15000","100","14"
"PAPUA","Kab. Yapen Waropen","Serui","187516","3","18000","100","14"
"PAPUA","Kab. Memberamo Raya","Burmeso","187516","3","18000","100","14"
"PAPUA","Kota Jayapura","Jayapura","114716","2","11000","100","12"
"JAWA TENGAH","Kab. Banjarnegara","Banjarnegara","36660","2","8000","30","3"
"JAWA TENGAH","Kab. Banyumas","Banyumas","36660","2","7500","30","3"
"JAWA TENGAH","Kab. Batang","Batang","36660","2","6800","30","3"
"JAWA TENGAH","Kab. Blora","Blora","36660","2","8500","30","3"
"JAWA TENGAH","Kab. Brebes","Brebes","36660","2","7000","30","3"
"JAWA TENGAH","Kab. Demak","Demak","34500","2","8500","30","3"
"JAWA TENGAH","Kab. Jepara","Jepara","34500","3","8500","30","3"
"JAWA TENGAH","Kab. Kendal","Kendal","34500","2","8000","30","3"
"JAWA TENGAH","Kab. Kudus","Kudus","34500","2","7500","30","3"
"JAWA TENGAH","Kab. Pati","Pati","35000","2","7500","30","3"
"JAWA TENGAH","Kab. Pekalongan","Pekalongan","35000","2","7000","30","3"
"JAWA TENGAH","Kab. Pemalang","Pemalang","35000","2","7000","30","3"
"JAWA TENGAH","Kab. Rembang","Rembang","35000","2","7300","30","3"
"JAWA TENGAH","Kab. Tegal","Tegal","35000","2","7500","30","3"
"JAWA TENGAH","Kota Salatiga","Salatiga","34500","2","7000","30","3"
"JAWA TENGAH","Kota Semarang","Semarang","34500","2","5500","30","3"
"JAWA TENGAH","Kab. Magelang","Magelang","34500","2","6800","30","3"
"JAWA TENGAH","Kab. Cilacap","Cilacap","37500","2","8500","30","3"
"JAWA TENGAH","Kab. Boyolali","Boyolali","35500","2","8000","30","3"
"JAWA TENGAH","Kab. Karanganyar","Karanganyar","34400","2","8500","30","3"
"JAWA TENGAH","Kab. Kebumen","Kebumen","36600","2","8000","30","3"
"JAWA TENGAH","Kab. Klaten","Klaten","34500","2","8000","30","3"
"JAWA TENGAH","Kab. Purworejo","Purworejo","36500","2","8000","30","3"
"JAWA TENGAH","Kab. Sragen","Sragen","36000","2","8000","30","3"
"JAWA TENGAH","Kab. Sukoharjo","Sukoharjo","36000","2","8000","30","3"
"JAWA TENGAH","Kab. Temanggung","Temanggung","36000","2","7500","30","3"
"JAWA TENGAH","Kab. Wonogiri","Wonogiri","36000","2","7500","30","3"
"JAWA TENGAH","Kab. Wonosobo","Wonosobo","35000","2","7600","30","3"
"JAWA TENGAH","Kota Magelang","Magelang","35000","2","7500","30","3"
"JAWA TENGAH","Kota Surakarta","solo","35000","2","6000","30","3"
"JAWA TIMUR","Kab. Bangkalan","Bangkalan","38000","2","9500","30","3"
"JAWA TIMUR","Kab. Banyuwangi","Banyuwangi","38000","2","8000","30","3"
"JAWA TIMUR","Kab. Blitar","Blitar","38000","2","7000","30","3"
"JAWA TIMUR","Kab. Bondowoso","Bondowoso","38000","2","7000","30","3"
"JAWA TIMUR","Kab. Gresik","Gresik","38000","2","7000","30","3"
"JAWA TIMUR","Kab. Jember","Jember","37000","2","8500","30","3"
"JAWA TIMUR","Kab. Jombang","Jombang","37000","2","7500","30","3"
"JAWA TIMUR","Kab. Kediri","Kediri","37000","2","6500","30","3"
"JAWA TIMUR","Kab. Lamongan","Lamongan","37000","2","6500","30","3"
"JAWA TIMUR","Kab. Lumajang","Lumajang","37000","2","7700","30","3"
"JAWA TIMUR","Kab. Madiun","Madiun","37000","2","6000","30","3"
"JAWA TIMUR","Kab. Magetan","Magetan","37000","2","7700","30","3"
"JAWA TIMUR","Kab. Malang","Malang","37000","2","6500","30","3"
"JAWA TIMUR","Kab. Mojokerto","Mojokerto","37000","2","6500","30","3"
"JAWA TIMUR","Kab. Nganjuk","Nganjuk","40000","2","6500","30","3"
"JAWA TIMUR","Kab. Ngawi","Ngawi","40000","2","7000","30","3"
"JAWA TIMUR","Kab. Pacitan","Pacitan","40000","2","8000","30","3"
"JAWA TIMUR","Kab. Ponorogo","Ponorogo","40000","2","8000","30","3"
"JAWA TIMUR","Kab. Probolinggo","Probolinggo","38000","2","8000","30","3"
"JAWA TIMUR","Kab. Sidoarjo","Sidoarjo","38000","2","6500","30","3"
"JAWA TIMUR","Kab. Situbondo","Situbondo","38000","2","7700","30","3"
"JAWA TIMUR","Kab. Sumenep","Sumenep","38000","2","8000","30","3"
"JAWA TIMUR","Kab. Tuban","Tuban","38000","2","7500","30","3"
"JAWA TIMUR","Kota Pasuruan","Pasuruan","38000","2","8000","30","3"
"JAWA TIMUR","Kota Surabaya","Surabaya","35000","2","6000","30","3"
"D.I.YOGYAKARTA","Kab. Bantul","Bantul","33000","2","7500","30","3"
"D.I.YOGYAKARTA","Kab Gunung Kidul","Kidul","37000","2","8000","30","3"
"D.I.YOGYAKARTA","Kab. Kulon Progo","Kulon Progo","35000","2","7500","30","3"
"D.I.YOGYAKARTA","Kab. Sleman","Sleman","34000","2","7000","30","3"
"D.I.YOGYAKARTA","Kota Jogyakarta","Jogyakarta","31000","2","6000","30","3"
"BANDUNG","Kota BANDUNG","Bandung","12700","2","5500","30","3"
"BANDUNG","Kab Bandung","Kab Bandung","14600","2","7000","30","3"
"BANDUNG","Kab Bandung","Bandung Barat","14800","2","7000","30","3"
"BANDUNG","Kab Bekasi","Kab Bekasi","12000","2","4000","30","3"
"BANDUNG","Kota Bogor","Kota Bogor","12000","2","3000","30","3"
"BANDUNG","Kab. Bogor","Kab. Bogor","12000","2","3000","30","3"
"BANDUNG","Kab Banajr","Kab Banajr","13000","2","8000","30","3"
"BANDUNG","Kota Cirebon","Kota Cirebon","12700","2","5500","30","3"
"BANDUNG","Kab Cirebon","Kab Cirebon","15000","2","7000","30","3"
"BANDUNG","Kota Ciamis","Kota Ciamis","15000","2","7500","30","3"
"BANDUNG","Kab. Ciamis","Kab. Ciamis","17300","2","7500","30","3"
"BANDUNG","Kota Garut","Kota Garut","15000","2","7000","30","3"
"BANDUNG","Kab. Garut","Kab. Garut","17300","2","7000","30","3"
"BANDUNG","Kab. Indramayu","Kab. Indramayu","17700","2","7000","30","3"
"BANDUNG","Kab. Karawang","Kab. Karawang","16800","2","8000","30","3"
"BANDUNG","Kab. Kuningan","Kab. Kuningan","19300","2","7000","30","3"
"BANDUNG","Kab. Majalengka","Kab. Majalengka","19100","2","7000","30","3"
"BANDUNG","Kab Purwakarta","Kab Purwakarta","13400","2","7000","30","3"
"BANDUNG","PANGANDARAN","PANGANDARAN","19900","2","12000","30","3"
"BANDUNG","Kota Sukabumi","Kota Sukabumi","12800","2","7000","30","3"
"BANDUNG","Kab. Sukabumi","Kab. Sukabumi","14300","2","7500","30","3"
"BANDUNG","Kab. Subang","Kab. Subang","15100","2","7500","30","3"
"BANDUNG","Kab Sumedang","Kab Sumedang","15300","2","7500","30","3"
"BANDUNG","Kota Tasikmalaya","Kota Tasikmalaya","12450","2","7000","30","3"
"BANDUNG","Kab. Tasikmalaya","Kab. Tasikmalaya","13700","2","8500","30","3"
